title	nom_size	size_pref	thread_pref	pitch	tpi	diam_major	diam_major_in	stdz	threading_kind	thruhole.close_diam	thruhole.reg_diam	thruhole.loose_diam	taphole.nonfe_diam	taphole.fe_diam	taphole.pla_diam	taphole.petg_diam	thruhole.close_drill	thruhole.reg_drill	thruhole.loose_drill	taphole.nonfe_drill	taphole.fe_drill	hexnut.refsku	sqnut.refsku	hexnut.diam_af	hexnut.ht	sqnut.diam_af	sqnut.ht	sqnut.driver_title	fw_sm.diam_od	fw_sm.diam_id	fw_sm.ht	fw_sm.stdz	fw_reg.diam_od	fw_reg.diam_id	fw_reg.ht	fw_reg.stdz	fw_lg.diam_od	fw_lg.diam_id	fw_lg.ht	fw_lg.stdz	shcs.driver_title	bhcs.driver_title	fhcs.driver_title	losock.driver_title	sss.driver_title	shcs.key_diam_af	shcs.key_dp	shcs.key_diam_af	bhcs.key_diam_af	fhcs.key_diam_af	losock.key_diam_af	sss.key_diam_af		nom_size	hexnut.af_nom	hexnut.ht_nom	hexnut.driver_title	hexnut.stdz	hhcs.driver_title		hhcs.head_diam_af	shcs.head_diam_od	losock.head_diam_od	bhcs.head_diam_od	fhcs.head_diam_od	shcs.head_ht	losock.head_ht	hhcs.head_ht	bhcs.head_ht	fhcs.head_ht	fhcs.head_angle	shcs.bore_diam	losock.bore_diam	bhcs.bore_diam	shcs.bore_ht	losock.bore_ht	boss_wall_thk_min	boss_wall_thk	engagement_dp_min	nom_size_3	screw_title	diam_major_in_min	diam_major_in_ref	thruhole.close_diam_in	thruhole.reg_diam_in	thruhole.loose_diam_in	taphole.nonfe_diam_in	taphole.fe_diam_in	shcs.head_diam_od_min	shcs.head_diam_od_max	shcs.head_ht_min	shcs.head_diam_od_min_in	shcs.head_diam_od_in	shcs.head_ht_min_in	shcs.head_ht_max_in	shcs.head_ht_in	hhcs.head_diam_af_in	hhcs.head_ht_in	bhcs.head_ht_in	fhcs.head_ht_in	shcs.key_diam_af_min	shcs.key_diam_af_max	shcs.key_diam_af_in	shcs.key_dp_in	shcs.wall_g	shcs.cham_k	nom_size_ref	diam_major_ref
M1-0.25	M1	A	c	0.25	101.6	1.0	0.039	ISOC	coarse	1.1	1.2	1.3	0.75	0.8	0.85	0.8				0.75mm	0.80mm	91828A003		2.5	0.8																														2.5	0.8	Wr2.5mm
M1.2-0.25	M1.2	A	c	0.25	101.6	1.2	0.047	ISOC	coarse	1.3	1.4	1.5	0.95	1	1.05	1				0.95mm	1.00mm	91828A004		3	1																														3	1	Wr3mm
M1.6-0.35	M1.6	A	a	0.35	72.6	1.6	0.063	ISOC	coarse	1.7	1.8	2	1.25	1.3	1.35	1.3				1.25mm	1.30mm	91828A006		3.2	1.3	3.2	1.3	Wr3.2mm					1.7	4	0.3	ISO-RW	1.7	5	0.3	ISO-LW	H1.5mm	H0.9mm	H0.9mm	H1.3mm	H0.7mm	1.50	0.7	1.5	0.9	0.9	1.3	0.7		M1.6	3.2	1.3	Wr3.2mm	ISO	Wr3.2mm		3.2	3	3	3	3	1.6	1	1.1	0.9	1	90°	3.5	3.5	3.5	0	1.2	0.64	0.8	3.2	4.0	M1.6-0.35		0.063						2.86	3.14	1.46		0.118		0.063	0.063	#VALUE!				1.52	1.56	0.059	0.028			M1.6	1.6
M2-0.4	M2	A	a	0.40	63.5	2.0	0.079	ISOC	coarse	2.2	2.4	2.6	1.60	1.65	1.7	1.65				1.60mm	#52	91828A111		4	1.6	4	1.6	Wr4mm					2.2	5	0.3	ISO-RW	2.2	6	0.5	ISO-LW	H1.5mm	H1.25mm	H1.25mm	H1.3mm	H0.9mm	1.50	1.0	1.5	1.3	1.3	1.3	0.9		M2	4	1.6	Wr4mm	ISO	Wr4mm		4	3.8	3.8	3.5	4	2	1.5	1.4	1.1	1.2	90°	4.3	4.3	4	0	1.5	0.8	1	4.0	5.0	M2-0.4		0.079						3.62	3.98	1.86		0.150		0.079	0.079	#VALUE!				1.52	1.56	0.059	0.039			M2	2
M2.5-0.45	M2.5	A	a	0.45	56.4	2.5	0.098	ISOC	coarse	2.7	2.9	3.1	2.05	2.1	2.15	2.1				2.05mm	#45	91828A113		5	2	5	2	Wr5mm					2.7	6	0.5	ISO-RW	2.7	8	0.8	ISO-LW	H2mm	H1.5mm	H1.5mm	H1.5mm	H1.3mm	2.00	1.1	2.0	1.5	1.5	1.5	1.3		M2.5	5	2	Wr5mm	ISO	Wr5mm		5	4.5	4.5	4.7	5	2.5	1.6	1.7	1.3	1.5	90°	5	5	5.2	0	1.7	0.96	1.2	5.0	6.3	M2.5-0.45		0.098						4.32	4.68	2.36		0.177		0.098	0.098	#VALUE!				2.02	2.06	0.079	0.043			M2.5	2.5
M3-0.5	M3	A	a	0.50	50.8	3.0	0.118	ISOC	coarse	3.2	3.4	3.6	2.50	2.6	2.6	2.55				2.50mm	#37	91828A211		5.5	2.4	5.5	1.8	Wr5.5mm					3.2	7	0.5	ISO-RW	3.2	9	0.8	ISO-LW	H2.5mm	H2mm	H2mm	H2mm	H1.5mm	2.50	1.3	2.5	2.0	2.0	2.0	1.5		M3	5.5	2.4	Wr5.5mm	ISO	Wr5.5mm		5.5	5.5	5.5	5.7	6	3	2	2	1.65	1.7	90°	6	6	6.2	3.3	2.2	1.2	1.6	6.0	7.5	M3-0.5		0.118						5.32	5.68	2.86		0.217		0.118	0.118	#VALUE!				2.52	2.58	0.098	0.051			M3	3
M4-0.7	M4	A	a	0.70	36.3	4.0	0.157	ISOC	coarse	4.3	4.5	4.8	3.30	3.4	3.45	3.4				#30	3.40mm	91828A231		7	3.2	7	2.2	Wr7mm					4.3	9	0.8	ISO-RW	4.3	12	1	ISO-LW	H3mm	H2.5mm	H2.5mm	H2.5mm	H2mm	3.00	2.0	3.0	2.5	2.5	2.5	2.0		M4	7	3.2	Wr7mm	ISO	Wr7mm		7	7	7	7.6	8	4	2.8	2.8	2.2	2.3	90°	7.5	7.5	8.1	4.4	3	1.6	2	8.0	10.0	M4-0.7		0.157						6.78	7.22	3.82		0.276		0.157	0.157	#VALUE!				3.02	3.08	0.118	0.079			M4	4
M5-0.8	M5	A	a	0.80	31.8	5.0	0.197	ISOC	coarse	5.3	5.5	5.8	4.20	4.3	4.35	4.3				4.20mm	#19	91828A241		8	4	8	2.7	Wr8mm					5.3	10	1	ISO-RW	5.3	15	1.2	ISO-LW	H4mm	H3mm	H3mm	H3mm	H2.5mm	4.00	2.5	4.0	3.0	3.0	3.0	2.5		M5	8	4	Wr8mm	ISO	Wr8mm		8	8.5	8.5	9.5	10	5	3.5	3.5	2.75	2.8	90°	9	9	10	5.5	3.7	2	2.4	10.0	12.5	M5-0.8		0.197						8.28	8.72	4.82		0.335		0.197	0.197	#VALUE!				4.02	4.095	0.157	0.098			M5	5
M6-1	M6	A	a	1.00	25.4	6.0	0.236	ISOC	coarse	6.4	6.6	7	5.00	5.1	5.2	5.1				5.00mm	#7	91828A251		10	5	10	3.2	Wr10mm					6.4	12	1.6	ISO-RW	6.4	18	1.6	ISO-LW	H5mm	H4mm	H4mm	H4mm	H3mm	5.00	3.0	5.0	4.0	4.0	4.0	3.0		M6	10	5	Wr10mm	ISO	Wr10mm		10	10	10	10.5	12	6	4	4	3.3	3.3	90°	10.5	10.5	11	6.6	4.2	2.4	2.8	12	15	M6-1		0.236						9.78	10.22	5.70		0.394		0.236	0.236	#VALUE!				5.02	5.14	0.197	0.118			M6	6
M8-1.25	M8	A	a	1.25	20.3	8.0	0.315	ISOC	coarse	8.4	9	10	6.75	6.9	7.06	6.9				6.75mm	#I	91828A410		13	6.5	13	4	Wr13mm					8.4	16	1.6	ISO-RW	8.4	24	2	ISO-LW	H6mm	H5mm	H5mm	H5mm	H4mm	6.00	4.0	6.0	5.0	5.0	5.0	4.0		M8	13	6.5	Wr13mm	ISO	Wr13mm		13	13	13	14	16	8	5	5.3	4.4	4.4	90°	13.5	13.5	14.5	8.8	5.3	3.2	4	16	20	M8-1.25		0.315						12.73	13.27	7.64		0.512		0.315	0.315	#VALUE!				6.02	6.14	0.236	0.157			M8	8
M10-1.5	M10	A	a	1.50	16.9	10.0	0.394	ISOC	coarse	10.5	11	12	8.50	8.7	8.9	8.7				8.50mm	#R	91828A415		17	8	17	5	Wr17mm					10.5	20	2	ISO-RW	10.5	30	2.5	ISO-LW	H8mm	H6mm	H6mm	H7mm	H5mm	8.00	5.0	8.0	6.0	6.0	7.0	5.0		M10	17	8	Wr17mm	ISO	Wr17mm		17	16	16	17.5	20	10	6	6.4	5.5	5.5	90°	16.5	16.5	18		6.3	4	5.0	20	25	M10-1.5		0.394						15.73	16.27	9.64		0.630		0.394	0.394	#VALUE!				8.025	8.175	0.315	0.197			M10	10
M12-1.75	M12	A	a	1.75	14.5	12.0	0.472	ISOC	coarse	13	13.5	14.5	10.20	10.5	10.7	10.5				10.20mm	Z	91828A420		19	10	19	6	Wr19mm					13	24	2.5	ISO-RW	13	37	3	ISO-LW	H10mm	H8mm	H8mm	H8mm	H6mm	10.00	6.0	10.0	8.0	8.0	8.0	6.0		M12	19	10	Wr19mm	ISO	Wr19mm		19	18	18	21	24	12	7	7.5	6.6	6.5	90°	18.5	18.5	21.5		7.4	4.8	6.0	24	30	M12-1.75		0.472						17.73	18.27	11.57		0.709		0.472	0.472	#VALUE!				10.025	10.18	0.394	0.236			M12	12
M16-2	M16	A	a	2.00	12.7	16	0.630	ISOC	coarse	17	17.5	18.5	14.00	14.25	14.45	14.25				14.00mm	35/64	91828A430		24	13																H14mm	H10mm	H10mm	H12mm	H8mm	14.00		14.0	10.0	10.0	12.0	8.0		M16	24	13	Wr24mm		Wr24mm		24	24	24	28	30	16	9	10	8.8	7.5	90°	24.5	24.5	28.5																						0.630	#VALUE!										M16	16
M20-2.5	M20	A	a	2.50	10.2	20	0.787	ISOC	coarse	21	22	24	17.50	17.75	17.95	17.75				17.50mm	17.75mm	91828A440		30	16																H17mm	H12mm	H12mm	H14mm	H10mm	17.00		17.0	12.0	12.0	14.0	10.0		M20	30	16	Wr30mm		Wr30mm		30	30	30	35	36	20	11	12.5	11	8.5	90°	30.5	30.5	35.5																						0.787	#VALUE!										M20	20
M24-3	M24	A	a	3.00	8.5	24	0.945	ISOC	coarse	25	26	28	21.00	21.25	21.45	21.25				21.00mm	53/64	91828A316		36	19																H19mm	H14mm	H14mm	H17mm	H12mm	19.00		19.0	14.0	14.0	17.0	12.0		M24	36	19	Wr36mm		Wr36mm		36	36	36	42	39	24	13	15	14	14	90°	36.5	36.5	42.5																						0.945	#VALUE!										M24	24
#0-80	#0	A	c	0.32	80	1.52	0.06	UNF	fine	1.61	1.78	2.06	1.19	1.32	1.37	1.32	#52	#50	#46	3/64	#55	91841A115		3.97	1.19																H0.05in	H0.035in	H0.035in	H0.035in	H0.028in	1.27	0.64	1.27	0.89	0.89	0.89	0.71		#0	5/32"	3/64"	Wr5/32in		null			2.44				1.52			0.81	0.89											#0	0.057	0.060	0.064	0.070	0.081	0.0469	0.0520	2.31	2.44	1.45	0.091	0.096	0.057	0.060	0.06			0.032	0.035			0.050	0.025	0.020	0.003
#1-64	#1	A	c	0.40	64	1.85	0.073	UNC	coarse	1.93	2.06	2.44	1.51	1.61	1.66	1.61	#48	#46	#41	#53	#52	91841A038		3.97	1.19	4.76	1.19		2	4.8	0.4	SAE	2	4.8	0.4	USS	2.0	11.1	0.8	FDR	H1/16in	H0.05in	H0.05in	H0.05in	H0.035in	1.57	0.79	1.59	1.27	1.27	1.27	0.89		#1	5/32"	3/64"	Wr5/32in	Mach	null			3.00				1.85			0.99	1.02											#1-64	0.070	0.073	0.076	0.081	0.096	0.0595	0.0635	2.84	3.00	1.78	0.112	0.118	0.070	0.073	0.073			0.039	0.04			0.062	0.031	0.025	0.003
#2-56	#2	A	c	0.45	56	2.18	0.086	UNC	coarse	2.26	2.44	2.69	1.78	1.85	1.9	1.8	#43	#41	#36	#50	#49	91841A003		4.76	1.59	4.76	1.59		2.4	5.6	0.5	SAE	2.4	6.4	0.5	USS	2.4	12.7	0.8	FDR	H5/64in	H0.05in	H0.05in	H0.05in	H0.035in	1.98	0.97	1.98	1.27	1.27	1.27	0.89		#2	3/16"	1/16"	Wr3/16in	Mach	null			3.56				2.18	0.06		1.17	1.30											#2-56	0.082	0.086	0.089	0.096	0.106	0.0700	0.0730	3.40	3.56	2.11	0.134	0.140	0.083	0.086	0.086			0.046	0.051			0.078	0.038	0.029	0.003
#4-40	#4	A	a	0.64	40	2.84	0.112	UNC	coarse	2.95	3.25	3.66	2.26	2.37	2.4	2.3	#32	#30	#27	#43	#42	91841A005		6.35	2.38	6.35	2.38		3.2	7.1	0.6	SAE	3.1	7.9	0.8	USS	3.2	12.7	1	FDR	H3/32in	H1/16in	H1/16in	H1/16in	H0.05in	2.39	1.30	2.38	1.59	1.59	1.59	1.27		#4	1/4"	3/32"	Wr1/4in	Mach	Wr1/4in		6.35	4.65				2.84	0.067	2.03	1.50	1.70											#4-40	0.108	0.112	0.116	0.128	0.144	0.0890	0.0935	4.47	4.65	2.74	0.176	0.183	0.108	0.112	0.112	0.25	0.08	0.059	0.067			0.094	0.051	0.038	0.005
#6-32	#6	A	a	0.79	32	3.51	0.138	UNC	coarse	3.66	3.78	4.29	2.71	2.82	2.9	2.8	#27	#25	#18	#36	#34	91841A007		7.94	2.78	7.94	2.78		4	9.5	0.8	SAE	3.8	9.5	0.9	USS	4.0	19.1	1.2	FDR	H7/64in	H5/64in	H5/64in	H5/64in	H1/16in	2.77	1.63	2.78	1.98	1.98	1.98	1.59		#6	5/16"	7/64"	Wr5/16in	Mach	Wr5/16in		7.94	5.74				3.51	0.08	2.67	1.85	2.11											#6-32	0.133	0.138	0.144	0.149	0.169	0.1065	0.1110	5.54	5.74	3.40	0.218	0.226	0.134	0.138	0.138	0.31	0.105	0.073	0.083			0.109	0.064	0.047	0.005
#8-32	#8	A	a	0.79	32	4.17	0.164	UNC	coarse	4.29	4.50	4.90	3.45	3.57	3.6	3.5	#18	#16	#10	#29	#28	91841A009		8.73	3.18	8.73	3.18		4.8	11.1	0.8	SAE	4.4	11.1	1	USS	4.8	22.2	1.2	FDR	H9/64in	H3/32in	H3/32in	H3/32in	H5/64in	3.58	1.96	3.57	2.38	2.38	2.38	1.98		#8	11/32"	1/8"	Wr11/32in	Mach	Wr11/32in		8.73	6.86				4.17	0.1	3.05	2.21	2.54											#8-32	0.159	0.164	0.169	0.177	0.193	0.1360	0.1405	6.65	6.86	4.04	0.262	0.270	0.159	0.164	0.164	0.34	0.12	0.087	0.1			0.141	0.077	0.056	0.005
#10-24	#10	A	a	1.06	24	4.83	0.19	UNC	coarse	4.98	5.11	5.79	3.80	3.91	4.1	3.9	#9	#7	#1	#25	#23	91841A011		9.53	3.18	9.53	3.18		5.6	12.7	1.1	SAE	5.2	12.7	1.1	USS	5.6	25.4	1.2	FDR	H5/32in	H1/8in	H1/8in	H1/8in	H3/32in	3.96	2.29	3.97	3.18	3.18	3.18	2.38		#10	3/8"	1/8"	Wr3/8in	Mach†	Wr3/8in		9.53	7.92				4.83	0.12	3.43	2.57	2.95											#10-24	0.184	0.190	0.196	0.201	0.228	0.1495	0.1540	7.70	7.92	4.70	0.303	0.312	0.185	0.190	0.19	0.38	0.135	0.101	0.116			0.156	0.090	0.065	0.005
1/4-20	1/4	A	a	1.27	20	6.35	0.25	UNC	coarse	6.73	7.14	7.52	5.11	5.22	5.4	5.2	17/64	9/32	19/64	#7	#5	91845A029		11.11	5.56	11.10	4.76		7.1	15.9	1.3	SAE	7.1	18.3	1.6	USS	7.1	25.4	1.6	FDR	H3/16in	H5/32in	H5/32in	H5/32in	H1/8in	4.78	3.05	4.76	3.97	3.97	3.97	3.18		1/4	7/16"	7/32"	Wr7/16in	FHN†	Wr7/16in		11.11	9.53				6.35	0.15	4.14	3.35	3.89											1/4-20	0.244	0.250	0.265	0.281	0.296	0.2010	0.2055	9.27	9.53	6.20	0.365	0.375	0.244	0.250	0.25	0.44	0.163	0.132	0.153			0.188	0.120	0.095	0.008
5/16-18	5/16	A	a	1.41	18	7.94	0.312	UNC	coarse	8.33	8.71	9.12	6.53	6.63	6.83	6.63	21/64	11/32	23/64	F	G	91845A030		12.70	6.75	12.70	5.56		8.7	17.5	1.6	SAE	8.7	22.2	2.1	USS	8.7	31.8	1.6	FDR	H1/4in	H3/16in	H3/16in	H3/16in	H5/32in	6.35	3.84	6.35	4.76	4.76	4.76	3.97		5/16	1/2"	17/64"	Wr1/2in	FHN†	Wr1/2in		12.70	11.91				7.92	0.185	5.36	4.22	4.85											5/16-18	0.305	0.313	0.328	0.343	0.359	0.2570	0.2610	11.61	11.91	7.77	0.457	0.469	0.306	0.312	0.312	0.50	0.211	0.166	0.191			0.250	0.151	0.119	0.008
3/8-16	3/8	A	a	1.59	16	9.53	0.375	UNC	coarse	9.91	10.31	10.69	7.94	8.03	8.23	8.03	25/64	13/32	27/64	5/16	O	91845A031		14.29	8.33	14.29	6.35		10.3	20.6	1.6	SAE	10.3	25.4	2.1	USS	10.3	38.1	1.6	FDR	H5/16in	H7/32in	H7/32in	H7/32in	H3/16in	7.92	4.62	7.94	5.56	5.56	5.56	4.76		3/8	9/16"	21/64"	Wr9/16in	FHN†	Wr9/16in		14.29	14.27				9.53	0.235	6.17	5.05	5.84											3/8-16	0.368	0.375	0.390	0.406	0.421	0.3125	0.3160	13.97	14.27	9.35	0.550	0.562	0.368	0.375	0.375	0.56	0.243	0.199	0.23			0.312	0.182	0.143	0.008
1/2-13	1/2	A	a	1.95	13	12.70	0.5	UNC	coarse	13.49	14.27	14.68	10.72	10.72	10.92	10.72	17/32	46281	37/64	27/64	27/64	91845A310		19.05	11.11	19.05	9.53		13.5	27	2.4	SAE	13.5	34.9	2.7	USS	13.5	50.8	2	FDR	H3/8in	H5/16in	H5/16in	H5/16in	H1/4in	9.53	6.22	9.53	7.94	7.94	7.94	6.35		1/2	3/4"	7/16"	Wr3/4in	FHN	Wr3/4in		19.05	19.05				12.70	0.31	8.20	6.73	7.80											1/2-13	0.492	0.500	0.531	0.562	0.578	0.4219	0.4219	18.67	19.05	12.50	0.735	0.750	0.492	0.500	0.5	0.75	0.323	0.265	0.307			0.375	0.245	0.190	0.010
5/8-11	5/8	A	a	2.31	11	15.88	0.625	UNC	coarse	16.66	17.45	18.24	13.49	13.89	14.09	13.89	21/32	11/16	23/32	17/32	35/64	91845A325		23.81	13.89																H1/2in	H3/8in	H3/8in	H3/8in	H5/16in	12.70	7.80	12.70	9.53	9.53	9.53	7.94		5/8	15/16"	35/64"	Wr15/16in		Wr15/16in		23.81	23.83				15.88	0.395	10.24	8.41	9.75											5/8	0.616	0.625	0.656	0.687	0.718	0.5312	0.5469	23.39	23.83	15.65	0.921	0.938	0.616	0.625	0.625	0.94	0.403	0.331	0.384			0.500	0.307	0.238	0.010
3/4-10	3/4	A	a	2.54	10	19.05	0.75	UNC	coarse	19.84	20.62	22.23	16.67	17.07	17.27	17.07	25/32	13/16	7/8	21/32	43/64	91845A330		28.58	16.27																H5/8in	H1/2in	H1/2in	H1/2in	H3/8in	15.88	9.40	15.88	12.70	12.70	12.70	9.53		3/4	1 1/8"	41/64"	Wr1 1/8in		Wr1+1/8in		28.58	28.58				19.05	0.47	12.27	10.08	11.71											3/4	0.741	0.750	0.781	0.812	0.875	0.6562	0.6719	28.12	28.58	18.80	1.107	1.125	0.740	0.750	0.75	1.13	0.483	0.397	0.461			0.625	0.370	0.285	0.010
7/8-9	7/8	A	a	2.82	9	22.23	0.875	UNC	coarse	23.01	23.80	25.40	19.45	19.84	20.04	19.84	29/32	15/16	1	49/64	25/32	91845A335		33.34	19.05																H3/4in	H9/16in	H9/16in	H5/8in	H1/2in	19.05	10.97	19.05	14.29	14.29	15.88	12.70		7/8	1 5/16"	3/4"	Wr1 5/16in		Wr1+5/16in		33.34	33.32				22.23	-	14.30		13.67											7/8	0.865	0.875	0.906	0.937	1.000	0.7656	0.7812	32.84	33.32	21.95	1.293	1.312	0.864	0.875	0.875	1.31	0.563		0.538			0.750	0.432	0.333	0.015
1-8	1	A	a	3.18	8	25.40	1	UNC	coarse	26.19	26.97	28.58	22.23	22.62	22.82	22.62	1+1/32	1+1/16	1+1/8	7/8	57/64	91845A038		38.10	21.83																H3/4in	H5/8in	H5/8in	H5/8in	H9/16in	19.05	12.57	19.05	15.88	15.88	15.88	14.29		1	1 1/2"	55/64"	Wr1 1/2in		Wr1+1/2in		38.10	38.10				25.40	0.63	15.93	13.49	15.62											1	0.989	1.000	1.031	1.062	1.125	0.8750	0.8906	37.57	38.10	25.10	1.479	1.500	0.988	1.000	1	1.50	0.627	0.531	0.615			0.750	0.495	0.380	0.015
M1.4-0.3	M1.4	B	a	0.30	84.7	1.4	0.055	ISOC	coarse	1.5	1.6	1.8	1.10	1.15	1.2	1.15				1.10mm	1.15mm	91828A005		3	1.2	3	1.2						1.5	3.5	0.3	ISO-RW	1.5	5	0.3	ISO-LW	H1.25				0.7	1.25	0.6	1.0				0.0		M1.4	3	1.2	Wr3mm	ISO	3	Wr3mm	0	2.6	2.6	0	0	1.4	0.8	1	0	0	90°	3.1	3.1	0	0	1	0.56	0.7	2.8	3.5	M1.4-0.3		0.055						2.46	2.74	1.26		0.102		0.055	0.055	0.118				1.32	1.36	0.049	0.024			M1.4	1.4
M1.8-0.35	M1.8	B	a	0.35	72.6	1.8	0.071	ISOC	coarse	2	2.1	2.3	1.45	1.5	1.55	1.5				1.45mm	1.50mm
M3.5-0.6	M3.5	B	a	0.60	42.3	3.5	0.138	ISOC	coarse	3.7	3.9	4.1	2.90	3	3.05	3				#32	3.00mm	91828A220		6	2.8																														6	2.8	Wr6mm
M4.5-0.75	M4.5	B	a	0.75	33.9	4.5	0.177	ISOC	coarse	4.8	5	5.3	3.70	3.8	4	3.8				#27	#25
M14-2	M14	B	a	2.00	12.7	14	0.551	ISOC	coarse	15	15.5	16.5	12.00	12.25	12.45	12.25				12.00mm	12.25mm	91828A425		22	11																														22	11	Wr22mm
#3-48	#3	B	a	0.53	48	2.51	0.099	UNC	coarse	2.64	2.79	3.05	1.99	2.08	2.28	2.08	#37	#35	#31	#47	#45	91841A004		4.76	1.59	4.76	1.59		2.8	6.4	0.6	SAE	2.8	7.9	0.8	USS	2.8	14.2	0.8	FDR	5/64	1/16	1/16		0.05	1.98	1.12							#3	3/16"	1/16"	Wr3/16in	Mach				4.09				2.51	-		1.32	1.40											#3-48	0.095	0.099	0.104	0.110	0.120	0.0785	0.0820	3.91	4.09	2.41	0.154	0.161	0.095	0.099	0.099			0.052	0.055			0.078	0.044	0.034	0.003
#5-40	#5	B	a	0.64	40	3.18	0.125	UNC	coarse	3.25	3.45	3.86	2.58	2.64	2.84	2.64	#30	#29	#24	#38	#37	91841A006		7.94	2.78	7.94	2.78		3.6	7.9	0.8	SAE	3.5	8.7	0.8	USS	3.6	14.2	1	FDR	3/32	5/64	5/64		1/16	2.39	1.45							#5	5/16"	7/64"	Wr5/16in	Mach	Wr1/4in		6.35	5.21				3.18	-	2.41	1.68	1.98											#5-40	0.120	0.125	0.128	0.136	0.152	0.1015	0.1040	5.03	5.21	3.07	0.198	0.205	0.121	0.125	0.125	0.25	0.095	0.066	0.078			0.094	0.057	0.043	0.005
#12-24	#12	B	a	1.06	24	5.49	0.216	UNC	coarse	5.61	5.79	6.35	4.50	4.62	4.82	4.62	#2	#1	1/4	#16	#14	91841A013		11.11	3.97	11.1	4.76		6.4	14.3	1.1	SAE	5.9	14.3	1.3	USS	6.4	25.4	1.5	FDR	5/32	5/32	5/32		7/64									#12	7/16"	5/32"	Wr7/16in	Mach†	Wr7/16in		11.11					0.00	-	3.81	2.92	3.35											#12-24			0.221	0.228	0.250	0.1770	0.1820	0.00		0.00					0.216	0.44	0.15	0.115	0.132
7/16-14	7/16	B	a	1.81	14	11.11	0.438	UNC	coarse	11.89	12.29	13.08	9.35	9.58	9.78	9.58	15/32	31/64	33/64	U	V	91845A300		17.46	9.53	15.9	7.94		11.9	23.8	1.6	SAE	12	28.6	2.1	USS	11.9	44.5	1.6	FDR	3/8	1/4	1/4		7/32	9.53	5.41							7/16	11/16"	3/8"	Wr11/16in	FHN	Wr5/8in		15.88	16.66				11.13	-	7.39	5.89	6.81											7/16-14	0.429	0.438	0.468	0.484	0.515	0.3680	0.3770	16.31	16.66	10.92	0.642	0.656	0.430	0.438	0.438	0.63	0.291	0.232	0.268			0.375	0.213	0.166	0.010
9/16-12	9/16	B	a	2.12	12	14.30	0.563	UNC	coarse	15.08	15.88	16.67	12.30	12.30	12.50	12.30	19/32	5/8	21/32	31/64	31/64	91845A315		22.23	12.30																7/16				1/4									9/16	7/8"	31/64"	Wr7/8in		Wr13/16in		20.64					14.27	-	9.42													9/16			0.5938	0.625	0.6562	0.4844	0.4844								0.562	0.81	0.371
M1-0.2	M1	A	b	0.20	127.0	1.0	0.039	ISOF*	fine	1.1	1.2	1.3	0.80	0.82	0.87	0.82				0.80mm	#45
M1.2-0.2	M1.2	A	b	0.20	127.0	1.2	0.047	ISOF*	fine	1.3	1.4	1.5	1.00	1.02	1.07	1.02				1.00mm	#60
M1.6-0.2	M1.6	A	b	0.20	127.0	1.6	0.063	ISOF*	fine	1.7	1.8	2	1.40	1.42	1.47	1.42				1.40mm	#54					3.2	1.3																															ISO
M2-0.25	M2	A	b	0.25	101.6	2.0	0.079	ISOF*	fine	2.2	2.4	2.6	1.75	1.8	1.85	1.8				1.75mm	#50					4	1.6																															ISO
M2.5-0.35	M2.5	A	b	0.35	72.6	2.5	0.098	ISOF*	fine	2.7	2.9	3.1	2.15	2.2	2.25	2.2				#44	#43					5	2																															ISO
M3-0.35	M3	A	b	0.35	72.6	3.0	0.118	ISOF*	fine	3.2	3.4	3.6	2.65	2.7	2.75	2.7				#37	#36					5.5	1.8																															ISO
M4-0.5	M4	A	b	0.50	50.8	4.0	0.157	ISOF*	fine	4.3	4.5	4.8	3.50	3.6	3.7	3.6				3.50mm	#28					7	2.2																															ISO
M5-0.5	M5	A	b	0.50	50.8	5.0	0.197	ISOF*	fine	5.3	5.5	5.8	4.50	4.6	4.7	4.6				4.50mm	#14					8	2.7																															ISO
M6-0.75	M6	A	b	0.75	33.9	6.0	0.236	ISOF*	fine	6.4	6.6	7	5.25	5.3	5.4	5.3				5.25mm	#4					10	3.2																															ISO
M8-1	M8	A	b	1.00	25.4	8.0	0.315	ISOF*	fine	8.4	9	10	7.00	7.1	7.2	7.1				7.00mm	#J	93850A320		13	6.5	13	4						8.4	15	1.6	ISO-RW	8.4	24	2	ISO-LW															13	6.5	Wr13mm	ISO
M10-1.25	M10	A	b	1.25	20.3	10.0	0.394	ISOF*	fine	10.5	11	12	8.75	8.9	9.1	8.9				#S	8.90mm	93850A335		17	8	17	5						10.5	18	1.6	ISO-RW	10.5	30	2.5	ISO-LW															17	8	Wr17mm	ISO
M12-1.5	M12	A	b	1.50	16.9	12.0	0.472	ISOF*	fine	13	13.5	14.5	10.50	10.6	10.8	10.6				Z	10.60mm	93850A340		19	10	19	6						13	20	2	ISO-RW	13	37	3	ISO-LW															19	10	Wr19mm	ISO
M16-1.5	M16	A	b	1.50	16.9	16	0.630	ISOF*	fine	17	17.5	18.5	14.50	14.6	14.8	14.6				14.50mm	14.60mm	93850A360		24	13																														24	13	Wr24mm																																							0.000	0.000
M20-1.5	M20	A	b	1.50	16.9	20	0.787	ISOF*	fine	21	22	24	18.50	18.6	18.8	18.6				18.50mm	18.60mm	93850A370		30	16																														30	16	Wr30mm																																							0.000	0.000
M24-2	M24	A	b	2.00	12.7	24	0.945	ISOF*	fine	25	26	28	22.00	22.25	22.45	22.25				22.00mm	7/8	93850A410		36	19																														36	19	Wr36mm																																							0.000	0.000
#1-72	#1	A	b	0.35	72	1.85	0.073	UNF*	fine	1.93	2.06	2.44	1.61	1.70	1.75	1.70	#48	#46	#41	#52	#51	91841A125		3.97	1.19	4.76	1.19		2	4.8	0.4	SAE	2	4.8	0.4	SAE	2.0	11.1	0.8	FDR	H1/16in	H0.05in	H0.05in	H0.05in	H0.035in	1.57	0.79							#1	5/32"	3/64"	Wr5/32in	Mach				3.00				1.85	-		0.99	1.02											#1-72	0.070	0.073	0.076	0.081	0.096	0.0635	0.0670	2.84	3.00	1.78	0.112	0.118	0.070	0.073	0.073			0.039	0.04			0.062	0.031	0.025	0.003
#2-64	#2	A	b	0.40	64	2.18	0.086	UNF*	fine	2.26	2.44	2.69	1.78	1.93	1.98	1.93	#43	#41	#36	#50	#48	91841A135		4.76	1.59	4.76	1.59		2.4	5.6	0.5	SAE	2.4	5.6	0.5	SAE	2.4	12.7	0.8	FDR	H5/64in	H0.05in	H0.05in	H0.05in	H0.035in	1.98	0.97							#2	3/16"	1/16"	Wr3/16in	Mach				3.56				2.18	0.06		1.17	1.30											#2-64	0.082	0.086	0.089	0.096	0.106	0.07	0.0760	3.40	3.56	2.11	0.134	0.140	0.083	0.086	0.086			0.046	0.051			0.078	0.038	0.029	0.003
#4-48	#4	A	b	0.53	48	2.84	0.112	UNF*	fine	2.95	3.25	3.66	2.37	2.53	2.58	2.53	#32	#30	#27	#42	#39	91841A155		6.35	2.38	6.35	2.38		3.2	7.1	0.6	SAE	3.2	7.1	0.6	SAE	3.2	12.7	1	FDR	H3/32in	H1/16in	H1/16in	H1/16in	H0.05in	2.39	1.30							#4	1/4"	3/32"	Wr1/4in	Mach	Wr1/4in		6.35	4.65				2.84	0.067	2.03	1.50	1.70											#4-48	0.108	0.112	0.116	0.128	0.144	0.0935	0.0995	4.47	4.65	2.74	0.176	0.183	0.108	0.112	0.112	0.25	0.08	0.059	0.067			0.094	0.051	0.038	0.005
#6-40	#6	A	b	0.64	40	3.51	0.138	UNF*	fine	3.66	3.78	4.29	2.87	2.95	3.00	2.95	#27	#25	#18	#33	#32	91841A175		7.94	2.78	7.94	2.78		4	9.5	0.8	SAE	4	9.5	0.8	SAE	4.0	19.1	1.2	FDR	H7/64in	H5/64in	H5/64in	H5/64in	H1/16in	2.77	1.63							#6	5/16"	7/64"	Wr5/16in	Mach	Wr5/16in		7.94	5.74				3.51	0.08	2.67	1.85	2.11											#6-40	0.133	0.138	0.144	0.149	0.169	0.113	0.1160	5.54	5.74	3.40	0.218	0.226	0.134	0.138	0.138	0.31	0.105	0.073	0.083			0.109	0.064	0.047	0.005
#8-36	#8	A	b	0.71	36	4.17	0.164	UNF*	fine	4.29	4.50	4.90	3.45	3.66	3.71	3.66	#18	#16	#10	#29	#27	91841A185		8.73	3.18	8.73	3.18		4.8	11.1	0.8	SAE	4.8	11.1	0.8	SAE	4.8	22.2	1.2	FDR	H9/64in	H3/32in	H3/32in	H3/32in	H5/64in	3.58	1.96							#8	11/32"	1/8"	Wr11/32in	Mach	Wr11/32in		8.73	6.86				4.17	0.1	3.05	2.21	2.54											#8-36	0.159	0.164	0.169	0.177	0.193	0.136	0.1440	6.65	6.86	4.04	0.262	0.270	0.159	0.164	0.164	0.34	0.12	0.087	0.1			0.141	0.077	0.056	0.005
#10-32	#10	A	b	0.79	32	4.83	0.19	UNF*	fine	4.98	5.11	5.79	4.04	4.09	4.14	4.09	#9	#7	#1	#21	#20	91841A195		9.53	3.18	9.53	3.18		5.6	12.7	1.1	SAE	5.6	12.7	1.1	SAE	5.6	25.4	1.2	FDR	H5/32in	H1/8in	H1/8in	H1/8in	H3/32in	3.96	2.29							#10	3/8"	1/8"	Wr3/8in	Mach†	Wr3/8in		9.53	7.92				4.83	0.12	3.43	2.57	2.95											#10-32	0.184	0.190	0.196	0.201	0.228	0.159	0.1610	7.70	7.92	4.70	0.303	0.312	0.185	0.190	0.19	0.38	0.135	0.101	0.116			0.156	0.090	0.065	0.005
1/4-28	1/4	A	b	0.91	28	6.35	0.25	UNF*	fine	6.73	7.14	7.52	5.41	5.56	5.61	5.56	17/64	9/32	19/64	#3	7/32	91841A215		11.11	4.76	11.1	4.76		7.1	15.9	1.3	SAE	7.1	15.9	1.3	SAE	7.1	25.4	1.6	FDR	H3/16in	H5/32in	H5/32in	H5/32in	H1/8in	4.78	3.05							1/4	7/16"	3/16"	Wr7/16in	FHN†	Wr7/16in		11.11	9.53				6.35	0.15	4.14	3.35	3.89											1/4-28	0.244	0.250	0.265	0.281	0.296	0.213	0.2188	9.27	9.53	6.20	0.365	0.375	0.244	0.250	0.25	0.44	0.163	0.132	0.153			0.188	0.120	0.095	0.008
5/16-24	5/16	A	b	1.06	24	7.94	0.312	UNF*	fine	8.33	8.71	9.12	6.91	7.04	7.09	7.04	21/64	11/32	23/64	I	J	91845A115		12.70	6.75	12.7	5.56		8.7	17.5	1.6	SAE	8.7	17.5	1.6	SAE	8.7	31.8	1.6	FDR	H1/4in	H3/16in	H3/16in	H3/16in	H5/32in	6.35	3.84							5/16	1/2"	17/64"	Wr1/2in	FHN†	Wr1/2in		12.70	11.91				7.92	0.185	5.36	4.22	4.85											5/16-24	0.305	0.313	0.328	0.343	0.359	0.272	0.2770	11.61	11.91	7.77	0.457	0.469	0.306	0.312	0.312	0.50	0.211	0.166	0.191			0.250	0.151	0.119	0.008
3/8-24	3/8	A	b	1.06	24	9.53	0.375	UNF*	fine	9.91	10.31	10.69	8.43	8.73	8.83	8.73	25/64	13/32	27/64	Q	11/32	91845A125		14.29	8.33	14.3	6.35		10.3	20.6	1.6	SAE	10.3	20.6	1.6	SAE	10.3	38.1	1.6	FDR	H5/16in	H7/32in	H7/32in	H7/32in	H3/16in	7.92	4.62							3/8	9/16"	21/64"	Wr9/16in	FHN†	Wr9/16in		14.29	14.27				9.53	0.235	6.17	5.05	5.84											3/8-24	0.368	0.375	0.390	0.406	0.421	0.332	0.3438	13.97	14.27	9.35	0.550	0.562	0.368	0.375	0.375	0.56	0.243	0.199	0.23			0.312	0.182	0.143	0.008
1/2-20	1/2	A	b	1.27	20	12.70	0.5	UNF*	fine	13.49	14.27	14.68	11.51	11.51	11.61	11.51	17/32	46281	37/64	29/64	29/64	91845A145		19.05	11.11	19.1	9.53		13.5	27	2.4	SAE	13.5	27	2.4	SAE	13.5	50.8	2	FDR	H3/8in	H5/16in	H5/16in	H5/16in	H1/4in	9.53	6.22							1/2	3/4"	7/16"	Wr3/4in	FHN	Wr3/4in		19.05	19.05				12.70	0.31	8.20	6.73	7.80											1/2-20	0.492	0.500	0.531	0.562	0.578	0.4531	0.4531	18.67	19.05	12.50	0.735	0.750	0.492	0.500	0.5	0.75	0.323	0.265	0.307			0.375	0.245	0.190	0.010
5/8-18	5/8	A	b	1.41	18	15.88	0.625	UNF*	fine	16.66	17.45	18.24	14.68	14.68	14.88	14.68	21/32	11/16	23/32	37/64	37/64	91845A165		23.81	13.89																H1/2in	H3/8in	H3/8in	H3/8in	H5/16in	12.70	7.80							5/8	15/16"	35/64"	Wr15/16in		Wr15/16in		23.81	23.83				15.88	0.395	10.24	8.41	9.75											5/8-11	0.616	0.625	0.656	0.687	0.718	0.5781	0.5781	23.39	23.83	15.65	0.921	0.938	0.616	0.625	0.625	0.94	0.403	0.331	0.384			0.500	0.307	0.238	0.010
3/4-16	3/4	A	b	1.59	16	19.05	0.75	UNF*	fine	19.84	20.62	22.23	17.46	17.86	18.06	17.86	25/32	13/16	7/8	11/16	45/64	91845A175		28.58	16.27																H5/8in	H1/2in	H1/2in	H1/2in	H3/8in	15.88	9.40							3/4	1+1/8"	41/64"	Wr1+1/8in		Wr1+1/8in		28.58	28.58				19.05	0.47	12.27	10.08	11.71											3/4-10	0.741	0.750	0.781	0.812	0.875	0.6875	0.7031	28.12	28.58	18.80	1.107	1.125	0.740	0.750	0.75	1.13	0.483	0.397	0.461			0.625	0.370	0.285	0.010
7/8-14	7/8	A	b	1.81	14	22.23	0.875	UNF*	fine	23.01	23.80	25.40	20.64	21.03	21.23	21.03	29/32	15/16	1	13/16	53/64	91845A185		33.34	19.05																H3/4in	H-in	H9/16in	H-in	H1/2in	19.05	10.97							7/8	1+5/16"	3/4"	Wr1+5/16in		Wr1+5/16in		33.34	33.32				22.23	-	14.30		13.67											7/8	0.865	0.875	0.906	0.937	1.000	0.8125	0.8281	32.84	33.32	21.95	1.293	1.312	0.864	0.875	0.875	1.31	0.563		0.538			0.750	0.432	0.333	0.015
1-12	1	A	b	2.12	12	25.40	1	UNF*	fine	26.19	26.97	28.58	23.42	23.81	24.01	23.81	1-1/32	1-1/16	1-1/8	59/64	15/16	91845A203		38.10	21.83																H3/4in	H5/8in	H5/8in	H5/8in	H9/16in	19.05	12.57							1	1+1/2"	55/64"	Wr1+1/2in		Wr1+1/2in		38.10	38.10				25.40	0.63	15.93	13.49	15.62											1	0.989	1.000	1.031	1.062	1.125	0.9219	0.9375	37.57	38.10	25.10	1.479	1.500	0.988	1.000	1	1.50	0.627	0.531	0.615			0.750	0.495	0.380	0.015
M1.4-0.2	M1.4	B	b	0.20	127.0	1.4	0.055	ISOF*	fine	1.5	1.6	1.8	1.20	1.22	1.27	1.22				1.20mm	#54					3	1.2																												3	1.2	Wr3mm	ISO
M1.8-0.2	M1.8	B	b	0.20	127.0	1.8	0.071	ISOF*	fine	2	2.1	2.3	1.60	1.62	1.67	1.62				1.60mm	#53																																				Wrmm
M3.5-0.35	M3.5	B	b	0.35	72.6	3.5	0.138	ISOF*	fine	3.7	3.9	4.1	3.15	3.2	3.25	3.2				#30	3.20mm																																		6	2.8	Wr6mm
M4.5-0.5	M4.5	B	b	0.50	50.8	4.5	0.177	ISOF*	fine	4.8	5	5.3	4.00	4.1	4.15	4.1				4.00mm	#20																																				Wrmm
M14-1.5	M14	B	b	1.50	16.9	14	0.551	ISOF*	fine	15	15.5	16.5	12.50	12.6	12.7	12.6				12.50mm	12.60mm	93850A350		22	11																														22	11	Wr22mm
#3-56	#3	B	b	0.45	56	2.51	0.099	UNF*	fine	2.64	2.79	3.05	2.08	2.18	2.23	2.18	#37	#35	#31	#45	#44	91841A145		4.76	1.59	4.76	1.59		2.8	6.4	0.6	SAE	2.8	6.4	0.6	SAE	2.8	14.2	0.8	FDR	5/64	1/16	1/16	-	0.05	1.98	1.12							#3	3/16"	1/16"	Wr3/16"mm	Mach				4.09				2.51	-		1.32	1.40											#3-56	0.095	0.099	0.104	0.110	0.120	0.082	0.0860	3.91	4.09	2.41	0.154	0.161	0.095	0.099	0.099			0.052	0.055			0.078	0.044	0.034	0.003
#5-44	#5	B	b	0.58	44	3.18	0.125	UNF*	fine	3.25	3.45	3.86	2.64	2.71	2.76	2.71	#30	#29	#24	#37	#36	91841A165		7.94	2.78	7.94	2.78		3.6	7.9	0.8	SAE	3.6	7.9	0.8	SAE	3.6	14.2	1	FDR	3/32	5/64	5/64	-	1/16	2.39	1.45							#5	5/16"	7/64"	Wr5/16"mm	Mach	1/4		6.35	5.21				3.18	-	2.41	1.68	1.98											#5-44	0.120	0.125	0.128	0.136	0.152	0.104	0.1065	5.03	5.21	3.07	0.198	0.205	0.121	0.125	0.125	0.25	0.095	0.066	0.078			0.094	0.057	0.043	0.005
#12-28	#12	B	b	0.91	28	5.49	0.216	UNF*	fine	5.61	5.79	6.35	4.62	4.70	4.75	4.70	#2	#1	1/4	#14	#13	91841A205		11.11	3.97	11.1	4.76		6.4	14.3	1.1	SAE	6.4	14.3	1.1	SAE	6.4	25.4	1.5	FDR	5/32	5/32	5/32	-	7/64									#12	7/16"	5/32"	Wr7/16"mm	Mach†	7/16		11.11					0.00	-	3.81	2.92	3.35											#12-28			0.221	0.228	0.250	0.182	0.1850	0.00		0.00					0.216	0.44	0.15	0.115	0.132
7/16-20	7/16	B	b	1.27	20	11.11	0.438	UNF*	fine	11.89	12.29	13.08	9.92	9.92	10.02	9.92	15/32	31/64	33/64	25/64	25/64	91845A135		17.46	9.53	15.9	7.94		11.9	23.8	1.6	SAE	11.9	23.8	1.6	SAE	11.9	44.5	1.6	FDR	3/8	1/4	1/4	-	7/32	9.53	5.41							7/16	11/16"	3/8"	Wr11/16"mm	FHN	5/8		15.88	16.66				11.13	-	7.39	5.89	6.81											7/16-20	0.429	0.438	0.468	0.484	0.515	0.3906	0.3906	16.31	16.66	10.92	0.642	0.656	0.430	0.438	0.438	0.63	0.291	0.232	0.268			0.375	0.213	0.166	0.010
9/16-18	9/16	B	b	1.41	18	14.30	0.563	UNF*	fine	15.08	15.88	16.67	13.10	13.10	13.20	13.10	19/32	5/8	21/32	33/64	33/64	91845A320		22.23	12.30																7/16	-	-	-	1/4									9/16	7/8"	31/64"	Wr7/8"mm		13/16		20.64					14.27	-	9.42													9/16-12			0.5938	0.625	0.6562	0.5156	0.5156								0.562	0.81	0.371
																																					5.6	25.4	1.2	FDR																	Wrmm